{"rmse": 1.1984101362448183, "mae": 0.589380775450071, "mse": 1.4361868546543237, "r2": 0.8917247302093777, "ndcg@20": 0.814454118878207}