{"maxDepth": 8, "maxBins": 58, "subsamplingRate": 0.9158273191574734, "minInstancesPerNode": 8, "minInfoGain": 0.00040033985456103727, "featureSubsetStrategy": "auto"}