{"rmse": 1.1082257363643777, "mae": 0.5526210335011374, "mse": 1.2281642827403674, "r2": 0.9074077174359555, "ndcg@20": 0.8090730580426301}